Workbook

Sheet Participants
A1: participant_ID | B1: participant_age | C1: participant_gender | D1: participant_start_time | E1: participant_end_time | F1: filtered out | G1: rejection reason | H1: participant_words | I1: passed_attention | J1: enough_words | K1: included | L1: gender_label | N1: Word minimum
A2: 10280 | B2: 27 | C2: 1 | D2: 1780000000000 | E2: 1780000000000 | F2: 0 | H2: 307 | I2: 1 | J2: =IF(H2>=$O$2,1,0) -> 1 | K2: =IF(AND(I2=1,J2=1),1,0) -> 1 | L2: =IF(C2=1,"Female",IF(C2=2,"Male","Code 3 (unconfirmed)")) -> Female | N2: participant_words threshold | O2: 130
A3: 10366 | B3: 49 | C3: 2 | D3: 1780000000000 | E3: 1780000000000 | F3: 0 | H3: 1109 | I3: 1 | J3: =IF(H3>=$O$2,1,0) -> 1 | K3: =IF(AND(I3=1,J3=1),1,0) -> 1 | L3: =IF(C3=1,"Female",IF(C3=2,"Male","Code 3 (unconfirmed)")) -> Male | N3: Participants included | O3: =SUM(K2:K101) -> 99
A4: 10454 | B4: 32 | C4: 2 | D4: 1780000000000 | E4: 1780000000000 | F4: 0 | H4: 913 | I4: 1 | J4: =IF(H4>=$O$2,1,0) -> 1 | K4: =IF(AND(I4=1,J4=1),1,0) -> 1 | L4: =IF(C4=1,"Female",IF(C4=2,"Male","Code 3 (unconfirmed)")) -> Male
A5: 11517 | B5: 39 | C5: 1 | D5: 1780000000000 | E5: 1780000000000 | F5: 0 | H5: 869 | I5: 1 | J5: =IF(H5>=$O$2,1,0) -> 1 | K5: =IF(AND(I5=1,J5=1),1,0) -> 1 | L5: =IF(C5=1,"Female",IF(C5=2,"Male","Code 3 (unconfirmed)")) -> Female
A6: 11525 | B6: 29 | C6: 2 | D6: 1780000000000 | E6: 1780000000000 | F6: 0 | H6: 348 | I6: 1 | J6: =IF(H6>=$O$2,1,0) -> 1 | K6: =IF(AND(I6=1,J6=1),1,0) -> 1 | L6: =IF(C6=1,"Female",IF(C6=2,"Male","Code 3 (unconfirmed)")) -> Male
A7: 11542 | B7: 21 | C7: 1 | D7: 1780000000000 | E7: 1780000000000 | F7: 0 | H7: 438 | I7: 1 | J7: =IF(H7>=$O$2,1,0) -> 1 | K7: =IF(AND(I7=1,J7=1),1,0) -> 1 | L7: =IF(C7=1,"Female",IF(C7=2,"Male","Code 3 (unconfirmed)")) -> Female
A8: 11843 | B8: 32 | C8: 2 | D8: 1780000000000 | E8: 1780000000000 | F8: 0 | H8: 134 | I8: 1 | J8: =IF(H8>=$O$2,1,0) -> 1 | K8: =IF(AND(I8=1,J8=1),1,0) -> 1 | L8: =IF(C8=1,"Female",IF(C8=2,"Male","Code 3 (unconfirmed)")) -> Male
A9: 12130 | B9: 35 | C9: 2 | D9: 1780000000000 | E9: 1780000000000 | F9: 0 | H9: 433 | I9: 1 | J9: =IF(H9>=$O$2,1,0) -> 1 | K9: =IF(AND(I9=1,J9=1),1,0) -> 1 | L9: =IF(C9=1,"Female",IF(C9=2,"Male","Code 3 (unconfirmed)")) -> Male
A10: 12244 | B10: 42 | C10: 1 | D10: 1780000000000 | E10: 1780000000000 | F10: 0 | H10: 563 | I10: 1 | J10: =IF(H10>=$O$2,1,0) -> 1 | K10: =IF(AND(I10=1,J10=1),1,0) -> 1 | L10: =IF(C10=1,"Female",IF(C10=2,"Male","Code 3 (unconfirmed)")) -> Female
A11: 12247 | B11: 40 | C11: 1 | D11: 1780000000000 | E11: 1780000000000 | F11: 0 | H11: 564 | I11: 1 | J11: =IF(H11>=$O$2,1,0) -> 1 | K11: =IF(AND(I11=1,J11=1),1,0) -> 1 | L11: =IF(C11=1,"Female",IF(C11=2,"Male","Code 3 (unconfirmed)")) -> Female
A12: 13267 | B12: 49 | C12: 1 | D12: 1780000000000 | E12: 1780000000000 | F12: 0 | H12: 551 | I12: 1 | J12: =IF(H12>=$O$2,1,0) -> 1 | K12: =IF(AND(I12=1,J12=1),1,0) -> 1 | L12: =IF(C12=1,"Female",IF(C12=2,"Male","Code 3 (unconfirmed)")) -> Female
A13: 14347 | B13: 32 | C13: 2 | D13: 1780000000000 | E13: 1780000000000 | F13: 0 | H13: 410 | I13: 1 | J13: =IF(H13>=$O$2,1,0) -> 1 | K13: =IF(AND(I13=1,J13=1),1,0) -> 1 | L13: =IF(C13=1,"Female",IF(C13=2,"Male","Code 3 (unconfirmed)")) -> Male
A14: 14820 | B14: 38 | C14: 2 | D14: 1780000000000 | E14: 1780000000000 | F14: 0 | H14: 142 | I14: 1 | J14: =IF(H14>=$O$2,1,0) -> 1 | K14: =IF(AND(I14=1,J14=1),1,0) -> 1 | L14: =IF(C14=1,"Female",IF(C14=2,"Male","Code 3 (unconfirmed)")) -> Male
A15: 16267 | B15: 20 | C15: 2 | D15: 1780000000000 | E15: 1780000000000 | F15: 0 | H15: 601 | I15: 1 | J15: =IF(H15>=$O$2,1,0) -> 1 | K15: =IF(AND(I15=1,J15=1),1,0) -> 1 | L15: =IF(C15=1,"Female",IF(C15=2,"Male","Code 3 (unconfirmed)")) -> Male
... A54: 45742 | B54: 38 | C54: 1 | D54: 1780000000000 | E54: 1780000000000 | F54: 0 | H54: 388 | I54: 1 | J54: =IF(H54>=$O$2,1,0) -> 1 | K54: =IF(AND(I54=1,J54=1),1,0) -> 1 | L54: =IF(C54=1,"Female",IF(C54=2,"Male","Code 3 (unconfirmed)")) -> Female
A55: 45909 | B55: 20 | C55: 2 | D55: 1780000000000 | E55: 1780000000000 | F55: 1 | G55: too few words | H55: 121 | I55: 1 | J55: =IF(H55>=$O$2,1,0) -> 0 | K55: =IF(AND(I55=1,J55=1),1,0) -> 0 | L55: =IF(C55=1,"Female",IF(C55=2,"Male","Code 3 (unconfirmed)")) -> Male
A56: 48989 | B56: 40 | C56: 1 | D56: 1780000000000 | E56: 1780000000000 | F56: 0 | H56: 520 | I56: 1 | J56: =IF(H56>=$O$2,1,0) -> 1 | K56: =IF(AND(I56=1,J56=1),1,0) -> 1 | L56: =IF(C56=1,"Female",IF(C56=2,"Male","Code 3 (unconfirmed)")) -> Female
A57: 49426 | B57: 42 | C57: 2 | D57: 1780000000000 | E57: 1780000000000 | F57: 0 | H57: 862 | I57: 1 | J57: =IF(H57>=$O$2,1,0) -> 1 | K57: =IF(AND(I57=1,J57=1),1,0) -> 1 | L57: =IF(C57=1,"Female",IF(C57=2,"Male","Code 3 (unconfirmed)")) -> Male
A58: 52256 | B58: 45 | C58: 2 | D58: 1780000000000 | E58: 1780000000000 | F58: 0 | H58: 266 | I58: 1 | J58: =IF(H58>=$O$2,1,0) -> 1 | K58: =IF(AND(I58=1,J58=1),1,0) -> 1 | L58: =IF(C58=1,"Female",IF(C58=2,"Male","Code 3 (unconfirmed)")) -> Male
A59: 53009 | B59: 37 | C59: 1 | D59: 1780000000000 | E59: 1780000000000 | F59: 0 | H59: 350 | I59: 1 | J59: =IF(H59>=$O$2,1,0) -> 1 | K59: =IF(AND(I59=1,J59=1),1,0) -> 1 | L59: =IF(C59=1,"Female",IF(C59=2,"Male","Code 3 (unconfirmed)")) -> Female
A60: 53595 | B60: 45 | C60: 1 | D60: 1780000000000 | E60: 1780000000000 | F60: 0 | H60: 468 | I60: 1 | J60: =IF(H60>=$O$2,1,0) -> 1 | K60: =IF(AND(I60=1,J60=1),1,0) -> 1 | L60: =IF(C60=1,"Female",IF(C60=2,"Male","Code 3 (unconfirmed)")) -> Female
A61: 53623 | B61: 36 | C61: 1 | D61: 1780000000000 | E61: 1780000000000 | F61: 0 | H61: 225 | I61: 1 | J61: =IF(H61>=$O$2,1,0) -> 1 | K61: =IF(AND(I61=1,J61=1),1,0) -> 1 | L61: =IF(C61=1,"Female",IF(C61=2,"Male","Code 3 (unconfirmed)")) -> Female
A62: 53752 | B62: 32 | C62: 1 | D62: 1780000000000 | E62: 1780000000000 | F62: 0 | H62: 480 | I62: 1 | J62: =IF(H62>=$O$2,1,0) -> 1 | K62: =IF(AND(I62=1,J62=1),1,0) -> 1 | L62: =IF(C62=1,"Female",IF(C62=2,"Male","Code 3 (unconfirmed)")) -> Female
A63: 53791 | B63: 30 | C63: 2 | D63: 1780000000000 | E63: 1780000000000 | F63: 0 | H63: 359 | I63: 1 | J63: =IF(H63>=$O$2,1,0) -> 1 | K63: =IF(AND(I63=1,J63=1),1,0) -> 1 | L63: =IF(C63=1,"Female",IF(C63=2,"Male","Code 3 (unconfirmed)")) -> Male
A64: 54018 | B64: 36 | C64: 2 | D64: 1780000000000 | E64: 1780000000000 | F64: 0 | H64: 209 | I64: 1 | J64: =IF(H64>=$O$2,1,0) -> 1 | K64: =IF(AND(I64=1,J64=1),1,0) -> 1 | L64: =IF(C64=1,"Female",IF(C64=2,"Male","Code 3 (unconfirmed)")) -> Male
A65: 55131 | B65: 47 | C65: 2 | D65: 1780000000000 | E65: 1780000000000 | F65: 0 | H65: 386 | I65: 1 | J65: =IF(H65>=$O$2,1,0) -> 1 | K65: =IF(AND(I65=1,J65=1),1,0) -> 1 | L65: =IF(C65=1,"Female",IF(C65=2,"Male","Code 3 (unconfirmed)")) -> Male
A66: 55894 | B66: 43 | C66: 1 | D66: 1780000000000 | E66: 1780000000000 | F66: 0 | H66: 459 | I66: 1 | J66: =IF(H66>=$O$2,1,0) -> 1 | K66: =IF(AND(I66=1,J66=1),1,0) -> 1 | L66: =IF(C66=1,"Female",IF(C66=2,"Male","Code 3 (unconfirmed)")) -> Female
A67: 57332 | B67: 29 | C67: 2 | D67: 1780000000000 | E67: 1780000000000 | F67: 0 | H67: 222 | I67: 1 | J67: =IF(H67>=$O$2,1,0) -> 1 | K67: =IF(AND(I67=1,J67=1),1,0) -> 1 | L67: =IF(C67=1,"Female",IF(C67=2,"Male","Code 3 (unconfirmed)")) -> Male
... A101: 99709 | B101: 30 | C101: 2 | D101: 1780000000000 | E101: 1780000000000 | F101: 0 | H101: 1431 | I101: 1 | J101: =IF(H101>=$O$2,1,0) -> 1 | K101: =IF(AND(I101=1,J101=1),1,0) -> 1 | L101: =IF(C101=1,"Female",IF(C101=2,"Male","Code 3 (unconfirmed)")) -> Male
B102: =MEDIAN(B2:B101) -> 34

Sheet BFI Scores
A1: participant_ID | B1: self_extraversion | C1: self_agreeableness | D1: self_conscientiousness | E1: self_neuroticism | F1: self_openness | G1: pred26_extraversion | H1: pred26_agreeableness | I1: pred26_conscientiousness | J1: pred26_neuroticism | K1: pred26_openness | L1: pred13_extraversion | M1: pred13_agreeableness | N1: pred13_conscientiousness | O1: pred13_neuroticism | P1: pred13_openness | Q1: pred5_extraversion | R1: pred5_agreeableness | S1: pred5_conscientiousness | T1: pred5_neuroticism | U1: pred5_openness | V1: predPartOnly_extraversion | W1: predPartOnly_agreeableness | X1: predPartOnly_conscientiousness | Y1: predPartOnly_neuroticism | Z1: predPartOnly_openness | AA1: predContent_extraversion | AB1: predContent_agreeableness | AC1: predContent_conscientiousness | AD1: predContent_neuroticism | AE1: predContent_openness | AG1: Notes
A2: 10280 | B2: 2.75 | C2: 3.44 | D2: 3.22 | E2: 4.13 | F2: 3.3 | G2: 2.7875 | H2: 4.4555556 | I2: 3 | J2: 2.9125 | K2: 2.34 | L2: 2.825 | M2: 4.4333333 | N2: 2.9888889 | O2: 1.8125 | P2: 2.17 | Q2: 3.0125 | R2: 3.9111111 | S2: 3.0111111 | T2: 1.7 | U2: 2.31 | V2: 3.6125 | W2: 4.4444444 | X2: 2.9555556 | Y2: 3 | Z2: 2.59 | AA2: 3.9375 | AB2: 4.7444444 | AC2: 2.8 | AD2: 2 | AE2: 2.95 | AG2: predPartOnly: participant messages only
A3: 10366 | B3: 2.88 | C3: 4.33 | D3: 3.44 | E3: 1.63 | F3: 4.3 | G3: 2.975 | H3: 3.8444444 | I3: 2.1888889 | J3: 2.6375 | K3: 4.2 | L3: 3.325 | M3: 3.8111111 | N3: 2.1777778 | O3: 2.7125 | P3: 3.99 | Q3: 3.2375 | R3: 3.6666667 | S3: 2.1 | T3: 3 | U3: 4.05 | V3: 3.4125 | W3: 3.9888889 | X3: 2.1111111 | Y3: 2 | Z3: 4.02 | AA3: 3.2 | AB3: 3.8777778 | AC3: 3.9444444 | AD3: 3.6875 | AE3: 3.93 | AG3: predContent: content words and pronouns - nouns, pronouns, verbs, adjectives, adverbs
A4: 10454 | B4: 3.25 | C4: 4.22 | D4: 4.56 | E4: 4 | F4: 4.2 | G4: 2.75 | H4: 4.2111111 | I4: 3.1111111 | J4: 2.525 | K4: 3.48 | L4: 3 | M4: 4.2222222 | N4: 3.6555556 | O4: 2.6875 | P4: 3.68 | Q4: 3 | R4: 4.2222222 | S4: 3.9777778 | T4: 2 | U4: 3.32 | V4: 3.1125 | W4: 4.2333333 | X4: 3.1111111 | Y4: 2.475 | Z4: 3.76 | AA4: 3.475 | AB4: 4.0444444 | AC4: 3.4777778 | AD4: 2.9125 | AE4: 3.56
A5: 11517 | B5: 2.5 | C5: 3.56 | D5: 5 | E5: 1.75 | F5: 4.2 | G5: 3.5375 | H5: 3.9333333 | I5: 4.1333333 | J5: 2.05 | K5: 4.36 | L5: 3.3125 | M5: 4.1444444 | N5: 3.6111111 | O5: 2.25 | P5: 4.12 | Q5: 3.15 | R5: 4.1666667 | S5: 3.4 | T5: 2 | U5: 3.6 | V5: 3.75 | W5: 3.8555556 | X5: 3.6888889 | Y5: 1.9125 | Z5: 4.33 | AA5: 3.6125 | AB5: 3.3777778 | AC5: 3.2555556 | AD5: 2.9625 | AE5: 4.8
A6: 11525 | B6: 3.13 | C6: 4.67 | D6: 5 | E6: 1.5 | F6: 4.2 | G6: 3.875 | H6: 4.8666667 | I6: 2.7333333 | J6: 1.425 | K6: 2.72 | L6: 3.85 | M6: 4.5555556 | N6: 2.4222222 | O6: 1.5375 | P6: 2.89 | Q6: 2.1125 | R6: 3.2111111 | S6: 2.2777778 | T6: 1.925 | U6: 2.03 | V6: 4.3 | W6: 4.7333333 | X6: 2.8222222 | Y6: 1.5375 | Z6: 2.86 | AA6: 4.575 | AB6: 4.0222222 | AC6: 2.1444444 | AD6: 1.875 | AE6: 3
A7: 11542 | B7: 1.5 | C7: 3.11 | D7: 1.67 | E7: 4.13 | F7: 3.7 | G7: 2.4625 | H7: 3.7333333 | I7: 3.7777778 | J7: 1.7 | K7: 3.58 | L7: 2.45 | M7: 3.9888889 | N7: 3.1111111 | O7: 1.7 | P7: 2.9 | Q7: 3.0875 | R7: 4.3666667 | S7: 3.1 | T7: 1.875 | U7: 2.37 | V7: 2.7125 | W7: 3.8111111 | X7: 3.5888889 | Y7: 1.875 | Z7: 3.57 | AA7: 3.875 | AB7: 3.7777778 | AC7: 3.0666667 | AD7: 1.875 | AE7: 3.17
A8: 11843 | B8: 4 | C8: 5 | D8: 4.78 | E8: 2 | F8: 4.6 | G8: 2.95 | H8: 4.0111111 | I8: 2.1444444 | J8: 1.7 | K8: 3.2 | L8: 2.425 | M8: 4.3111111 | N8: 2.4 | O8: 1.6875 | P8: 2.73 | Q8: 2.6 | R8: 3.9888889 | S8: 2.1 | T8: 1.95 | U8: 3.04 | V8: 3.875 | W8: 3.9666667 | X8: 1.9444444 | Y8: 1.65 | Z8: 3.55 | AA8: 3.8 | AB8: 3.1666667 | AC8: 1.7777778 | AD8: 2.75 | AE8: 2.79
A9: 12130 | B9: 1.75 | C9: 3.44 | D9: 4.11 | E9: 3.88 | F9: 4 | G9: 1.95 | H9: 3.9888889 | I9: 3.4444444 | J9: 2.8625 | K9: 3.15 | L9: 2.1875 | M9: 3.9333333 | N9: 3.8 | O9: 2.0125 | P9: 3.09 | Q9: 2.7125 | R9: 4.5111111 | S9: 3.4666667 | T9: 2.15 | U9: 3.45 | V9: 1.9875 | W9: 3.7888889 | X9: 3.1666667 | Y9: 2.8 | Z9: 3.14 | AA9: 2.725 | AB9: 4.2333333 | AC9: 3.4555556 | AD9: 2.125 | AE9: 3.38
A10: 12244 | B10: 5 | C10: 4.67 | D10: 3.22 | E10: 2 | F10: 4.7 | G10: 4.65 | H10: 3.4444444 | I10: 2.8444444 | J10: 1.1625 | K10: 5 | L10: 4.825 | M10: 3.4 | N10: 3.2 | O10: 1.075 | P10: 4.98 | Q10: 4.55 | R10: 4.1444444 | S10: 2.6111111 | T10: 1.075 | U10: 4.8 | V10: 4.8875 | W10: 3.7777778 | X10: 2.6555556 | Y10: 1.325 | Z10: 4.99 | AA10: 3.7625 | AB10: 4.3333333 | AC10: 3.6666667 | AD10: 1.875 | AE10: 4.86
A11: 12247 | B11: 2.75 | C11: 4 | D11: 2.44 | E11: 4 | F11: 3.6 | G11: 3.0375 | H11: 2.9888889 | I11: 2.2111111 | J11: 5 | K11: 2.92 | L11: 3.0375 | M11: 2.9222222 | N11: 2.0555556 | O11: 4.9875 | P11: 2.65 | Q11: 2.8625 | R11: 3.3777778 | S11: 2.0333333 | T11: 5 | U11: 2.23 | V11: 3.225 | W11: 2.9888889 | X11: 2.0777778 | Y11: 5 | Z11: 3.07 | AA11: 2.525 | AB11: 2.6444444 | AC11: 2.3222222 | AD11: 5 | AE11: 2.04
A12: 13267 | B12: 3.25 | C12: 4.56 | D12: 4.44 | E12: 2.75 | F12: 4.9 | G12: 4.5 | H12: 3.9 | I12: 3.7 | J12: 2.375 | K12: 4.15 | L12: 3.875 | M12: 3.6222222 | N12: 3.2777778 | O12: 2.5875 | P12: 3.94 | Q12: 2.325 | R12: 3.3666667 | S12: 3.8111111 | T12: 2.925 | U12: 3.19 | V12: 4.625 | W12: 3.9888889 | X12: 3.2 | Y12: 2.8375 | Z12: 4.09 | AA12: 4.325 | AB12: 3.3888889 | AC12: 3.0888889 | AD12: 3.725 | AE12: 3.8
A13: 14347 | B13: 3.38 | C13: 5 | D13: 5 | E13: 1 | F13: 4.2 | G13: 4.8125 | H13: 3.5111111 | I13: 3.1111111 | J13: 1.75 | K13: 3.25 | L13: 4.825 | M13: 3.8 | N13: 2.0222222 | O13: 1.1125 | P13: 2.8 | Q13: 4.5375 | R13: 3.1666667 | S13: 2.1111111 | T13: 1.7125 | U13: 2.31 | V13: 4.9125 | W13: 3.3444444 | X13: 2.3444444 | Y13: 1.9 | Z13: 2.58 | AA13: 4.85 | AB13: 3.5333333 | AC13: 2.5 | AD13: 1.9125 | AE13: 3.07
A14: 14820 | B14: 4.63 | C14: 4.22 | D14: 4.89 | E14: 3 | F14: 4.6 | G14: 2.15 | H14: 3.9777778 | I14: 4 | J14: 1.4 | K14: 3.24 | L14: 2.1875 | M14: 3.8777778 | N14: 3.9222222 | O14: 1.9125 | P14: 2.86 | Q14: 2.3 | R14: 4.1777778 | S14: 3.3 | T14: 2 | U14: 3.02 | V14: 2.35 | W14: 4.1555556 | X14: 3.3111111 | Y14: 1.85 | Z14: 3.23 | AA14: 3.0125 | AB14: 4.2888889 | AC14: 3.1444444 | AD14: 1.875 | AE14: 3.54
A15: 16267 | B15: 1.25 | C15: 3.11 | D15: 3.78 | E15: 2.13 | F15: 3.1 | G15: 2.4 | H15: 3.0555556 | I15: 3.8111111 | J15: 2 | K15: 2.14 | L15: 2.575 | M15: 3.0777778 | N15: 3.6333333 | O15: 2 | P15: 2 | Q15: 2.1125 | R15: 3.1444444 | S15: 3.0111111 | T15: 2 | U15: 1.94 | V15: 3.5 | W15: 3.2333333 | X15: 3.6888889 | Y15: 1.9125 | Z15: 2.58 | AA15: 3.6125 | AB15: 2.9 | AC15: 2.9777778 | AD15: 1.9 | AE15: 2.51
... A100: 99709 | B100: 3.13 | C100: 4.89 | D100: 5 | E100: 1.75 | F100: 4.3 | G100: 3.8375 | H100: 4.5333333 | I100: 4.0888889 | J100: 2.3625 | K100: 4.25 | L100: 3.7 | M100: 4.6888889 | N100: 4.0222222 | O100: 2.3875 | P100: 4.36 | Q100: 3.8125 | R100: 4.6333333 | S100: 3.7111111 | T100: 2.85 | U100: 4.44 | V100: 4.0875 | W100: 4.4888889 | X100: 4.0777778 | Y100: 2.2625 | Z100: 4.47 | AA100: 3.0875 | AB100: 4.2444444 | AC100: 4.1111111 | AD100: 2.6375 | AE100: 4.41

Sheet Correlations
A1: Condition | B1: Trait | C1: n | D1: r | E1: ci_low | F1: ci_high | G1: p_parametric | H1: p_holm | I1: sig
A2: 26 turns | B2: Extraversion | C2: =COUNT('BFI Scores'!$G$2:$G$100) -> 99 | D2: =CORREL('BFI Scores'!$G$2:$G$100,'BFI Scores'!$B$2:$B$100) -> 0.38584755 | E2: =FISHERINV(FISHER(D2)-NORMSINV(0.975)/SQRT(C2-3)) -> 0.20397249 | F2: =FISHERINV(FISHER(D2)+NORMSINV(0.975)/SQRT(C2-3)) -> 0.54197655 | G2: =TDIST(ABS(D2)*SQRT((C2-2)/(1-D2^2)),C2-2,2) -> 8.0050041e-05 | H2: 0.00024015012 | I2: ***
A3: 26 turns | B3: Agreeableness | C3: =COUNT('BFI Scores'!$H$2:$H$100) -> 99 | D3: =CORREL('BFI Scores'!$H$2:$H$100,'BFI Scores'!$C$2:$C$100) -> 0.41694858 | E3: =FISHERINV(FISHER(D3)-NORMSINV(0.975)/SQRT(C3-3)) -> 0.23922772 | F3: =FISHERINV(FISHER(D3)+NORMSINV(0.975)/SQRT(C3-3)) -> 0.56763781 | G3: =TDIST(ABS(D3)*SQRT((C3-2)/(1-D3^2)),C3-2,2) -> 1.7618902e-05 | H3: 7.047561e-05 | I3: ***
A4: 26 turns | B4: Conscientiousness | C4: =COUNT('BFI Scores'!$I$2:$I$100) -> 99 | D4: =CORREL('BFI Scores'!$I$2:$I$100,'BFI Scores'!$D$2:$D$100) -> 0.24780057 | E4: =FISHERINV(FISHER(D4)-NORMSINV(0.975)/SQRT(C4-3)) -> 0.052980478 | F4: =FISHERINV(FISHER(D4)+NORMSINV(0.975)/SQRT(C4-3)) -> 0.42444888 | G4: =TDIST(ABS(D4)*SQRT((C4-2)/(1-D4^2)),C4-2,2) -> 0.013399522 | H4: 0.013399522 | I4: *
A5: 26 turns | B5: Neuroticism | C5: =COUNT('BFI Scores'!$J$2:$J$100) -> 99 | D5: =CORREL('BFI Scores'!$J$2:$J$100,'BFI Scores'!$E$2:$E$100) -> 0.465173 | E5: =FISHERINV(FISHER(D5)-NORMSINV(0.975)/SQRT(C5-3)) -> 0.29483618 | F5: =FISHERINV(FISHER(D5)+NORMSINV(0.975)/SQRT(C5-3)) -> 0.60685678 | G5: =TDIST(ABS(D5)*SQRT((C5-2)/(1-D5^2)),C5-2,2) -> 1.2277555e-06 | H5: 6.1387775e-06 | I5: ***
A6: 26 turns | B6: Openness | C6: =COUNT('BFI Scores'!$K$2:$K$100) -> 99 | D6: =CORREL('BFI Scores'!$K$2:$K$100,'BFI Scores'!$F$2:$F$100) -> 0.32899897 | E6: =FISHERINV(FISHER(D6)-NORMSINV(0.975)/SQRT(C6-3)) -> 0.14072713 | F6: =FISHERINV(FISHER(D6)+NORMSINV(0.975)/SQRT(C6-3)) -> 0.49430644 | G6: =TDIST(ABS(D6)*SQRT((C6-2)/(1-D6^2)),C6-2,2) -> 0.00088419727 | H6: 0.0017683945 | I6: **
A7: 26 turns | B7: Mean across traits | D7: =AVERAGE(D2:D6) -> 0.36895373 | I7: =COUNTIF(I2:I6,"<>ns")&" of 5 sig." -> 5 of 5 sig.
B8: SD | D8: =_xlfn.STDEV.S(D2:D6) -> 0.083847373
A9: 13 turns | B9: Extraversion | C9: =COUNT('BFI Scores'!$L$2:$L$100) -> 99 | D9: =CORREL('BFI Scores'!$L$2:$L$100,'BFI Scores'!$B$2:$B$100) -> 0.26020189 | E9: =FISHERINV(FISHER(D9)-NORMSINV(0.975)/SQRT(C9-3)) -> 0.066190042 | F9: =FISHERINV(FISHER(D9)+NORMSINV(0.975)/SQRT(C9-3)) -> 0.43525595 | G9: =TDIST(ABS(D9)*SQRT((C9-2)/(1-D9^2)),C9-2,2) -> 0.0092935523 | H9: 0.018587105 | I9: *
A10: 13 turns | B10: Agreeableness | C10: =COUNT('BFI Scores'!$M$2:$M$100) -> 99 | D10: =CORREL('BFI Scores'!$M$2:$M$100,'BFI Scores'!$C$2:$C$100) -> 0.39332322 | E10: =FISHERINV(FISHER(D10)-NORMSINV(0.975)/SQRT(C10-3)) -> 0.21240384 | F10: =FISHERINV(FISHER(D10)+NORMSINV(0.975)/SQRT(C10-3)) -> 0.54817137 | G10: =TDIST(ABS(D10)*SQRT((C10-2)/(1-D10^2)),C10-2,2) -> 5.6398563e-05 | H10: 0.00022559425 | I10: ***
A11: 13 turns | B11: Conscientiousness | C11: =COUNT('BFI Scores'!$N$2:$N$100) -> 99 | D11: =CORREL('BFI Scores'!$N$2:$N$100,'BFI Scores'!$D$2:$D$100) -> 0.1857409 | E11: =FISHERINV(FISHER(D11)-NORMSINV(0.975)/SQRT(C11-3)) -> -0.012115159 | F11: =FISHERINV(FISHER(D11)+NORMSINV(0.975)/SQRT(C11-3)) -> 0.36960042 | G11: =TDIST(ABS(D11)*SQRT((C11-2)/(1-D11^2)),C11-2,2) -> 0.065668556 | H11: 0.065668556 | I11: ns
A12: 13 turns | B12: Neuroticism | C12: =COUNT('BFI Scores'!$O$2:$O$100) -> 99 | D12: =CORREL('BFI Scores'!$O$2:$O$100,'BFI Scores'!$E$2:$E$100) -> 0.40081961 | E12: =FISHERINV(FISHER(D12)-NORMSINV(0.975)/SQRT(C12-3)) -> 0.2208857 | F12: =FISHERINV(FISHER(D12)+NORMSINV(0.975)/SQRT(C12-3)) -> 0.55436635 | G12: =TDIST(ABS(D12)*SQRT((C12-2)/(1-D12^2)),C12-2,2) -> 3.9359284e-05 | H12: 0.00019679642 | I12: ***
A13: 13 turns | B13: Openness | C13: =COUNT('BFI Scores'!$P$2:$P$100) -> 99 | D13: =CORREL('BFI Scores'!$P$2:$P$100,'BFI Scores'!$F$2:$F$100) -> 0.30835376 | E13: =FISHERINV(FISHER(D13)-NORMSINV(0.975)/SQRT(C13-3)) -> 0.11813301 | F13: =FISHERINV(FISHER(D13)+NORMSINV(0.975)/SQRT(C13-3)) -> 0.47674485 | G13: =TDIST(ABS(D13)*SQRT((C13-2)/(1-D13^2)),C13-2,2) -> 0.0019018257 | H13: 0.0057054772 | I13: **
A14: 13 turns | B14: Mean across traits | D14: =AVERAGE(D9:D13) -> 0.30968788 | I14: =COUNTIF(I9:I13,"<>ns")&" of 5 sig." -> 4 of 5 sig.
D15: =_xlfn.STDEV.S(D9:D13) -> 0.090985382
A16: 5 turns | B16: Extraversion | C16: =COUNT('BFI Scores'!$Q$2:$Q$100) -> 99 | D16: =CORREL('BFI Scores'!$Q$2:$Q$100,'BFI Scores'!$B$2:$B$100) -> 0.15107698 | E16: =FISHERINV(FISHER(D16)-NORMSINV(0.975)/SQRT(C16-3)) -> -0.047759241 | F16: =FISHERINV(FISHER(D16)+NORMSINV(0.975)/SQRT(C16-3)) -> 0.33839634 | G16: =TDIST(ABS(D16)*SQRT((C16-2)/(1-D16^2)),C16-2,2) -> 0.13551889 | H16: 0.27103778 | I16: ns
A17: 5 turns | B17: Agreeableness | C17: =COUNT('BFI Scores'!$R$2:$R$100) -> 99 | D17: =CORREL('BFI Scores'!$R$2:$R$100,'BFI Scores'!$C$2:$C$100) -> 0.20406586 | E17: =FISHERINV(FISHER(D17)-NORMSINV(0.975)/SQRT(C17-3)) -> 0.0069333469 | F17: =FISHERINV(FISHER(D17)+NORMSINV(0.975)/SQRT(C17-3)) -> 0.38593048 | G17: =TDIST(ABS(D17)*SQRT((C17-2)/(1-D17^2)),C17-2,2) -> 0.042763223 | H17: 0.12828967 | I17: ns
A18: 5 turns | B18: Conscientiousness | C18: =COUNT('BFI Scores'!$S$2:$S$100) -> 99 | D18: =CORREL('BFI Scores'!$S$2:$S$100,'BFI Scores'!$D$2:$D$100) -> 0.084804915 | E18: =FISHERINV(FISHER(D18)-NORMSINV(0.975)/SQRT(C18-3)) -> -0.11452422 | F18: =FISHERINV(FISHER(D18)+NORMSINV(0.975)/SQRT(C18-3)) -> 0.27756981 | G18: =TDIST(ABS(D18)*SQRT((C18-2)/(1-D18^2)),C18-2,2) -> 0.40395044 | H18: 0.40395044 | I18: ns
A19: 5 turns | B19: Neuroticism | C19: =COUNT('BFI Scores'!$T$2:$T$100) -> 99 | D19: =CORREL('BFI Scores'!$T$2:$T$100,'BFI Scores'!$E$2:$E$100) -> 0.28878569 | E19: =FISHERINV(FISHER(D19)-NORMSINV(0.975)/SQRT(C19-3)) -> 0.096897987 | F19: =FISHERINV(FISHER(D19)+NORMSINV(0.975)/SQRT(C19-3)) -> 0.4599745 | G19: =TDIST(ABS(D19)*SQRT((C19-2)/(1-D19^2)),C19-2,2) -> 0.0037444831 | H19: 0.018722416 | I19: *
A20: 5 turns | B20: Openness | C20: =COUNT('BFI Scores'!$U$2:$U$100) -> 99 | D20: =CORREL('BFI Scores'!$U$2:$U$100,'BFI Scores'!$F$2:$F$100) -> 0.27299913 | E20: =FISHERINV(FISHER(D20)-NORMSINV(0.975)/SQRT(C20-3)) -> 0.079892995 | F20: =FISHERINV(FISHER(D20)+NORMSINV(0.975)/SQRT(C20-3)) -> 0.44635541 | G20: =TDIST(ABS(D20)*SQRT((C20-2)/(1-D20^2)),C20-2,2) -> 0.0062580156 | H20: 0.025032062 | I20: *
A21: 5 turns | B21: Mean across traits | D21: =AVERAGE(D16:D20) -> 0.20034651 | I21: =COUNTIF(I16:I20,"<>ns")&" of 5 sig." -> 2 of 5 sig.
D22: =_xlfn.STDEV.S(D16:D20) -> 0.084986869
A23: Participant only | B23: Extraversion | C23: =COUNT('BFI Scores'!$V$2:$V$100) -> 99 | D23: =CORREL('BFI Scores'!$V$2:$V$100,'BFI Scores'!$B$2:$B$100) -> 0.40169355 | E23: =FISHERINV(FISHER(D23)-NORMSINV(0.975)/SQRT(C23-3)) -> 0.22187631 | F23: =FISHERINV(FISHER(D23)+NORMSINV(0.975)/SQRT(C23-3)) -> 0.55508746 | G23: =TDIST(ABS(D23)*SQRT((C23-2)/(1-D23^2)),C23-2,2) -> 3.7721563e-05 | H23: 0.00011316469 | I23: ***
A24: Participant only | B24: Agreeableness | C24: =COUNT('BFI Scores'!$W$2:$W$100) -> 99 | D24: =CORREL('BFI Scores'!$W$2:$W$100,'BFI Scores'!$C$2:$C$100) -> 0.40783094 | E24: =FISHERINV(FISHER(D24)-NORMSINV(0.975)/SQRT(C24-3)) -> 0.22884344 | F24: =FISHERINV(FISHER(D24)+NORMSINV(0.975)/SQRT(C24-3)) -> 0.56014512 | G24: =TDIST(ABS(D24)*SQRT((C24-2)/(1-D24^2)),C24-2,2) -> 2.7893811e-05 | H24: 0.00011157524 | I24: ***
A25: Participant only | B25: Conscientiousness | C25: =COUNT('BFI Scores'!$X$2:$X$100) -> 99 | D25: =CORREL('BFI Scores'!$X$2:$X$100,'BFI Scores'!$D$2:$D$100) -> 0.20402154 | E25: =FISHERINV(FISHER(D25)-NORMSINV(0.975)/SQRT(C25-3)) -> 0.0068871043 | F25: =FISHERINV(FISHER(D25)+NORMSINV(0.975)/SQRT(C25-3)) -> 0.38589112 | G25: =TDIST(ABS(D25)*SQRT((C25-2)/(1-D25^2)),C25-2,2) -> 0.042809307 | H25: 0.042809307 | I25: *
A26: Participant only | B26: Neuroticism | C26: =COUNT('BFI Scores'!$Y$2:$Y$100) -> 99 | D26: =CORREL('BFI Scores'!$Y$2:$Y$100,'BFI Scores'!$E$2:$E$100) -> 0.46837936 | E26: =FISHERINV(FISHER(D26)-NORMSINV(0.975)/SQRT(C26-3)) -> 0.29857484 | F26: =FISHERINV(FISHER(D26)+NORMSINV(0.975)/SQRT(C26-3)) -> 0.60944014 | G26: =TDIST(ABS(D26)*SQRT((C26-2)/(1-D26^2)),C26-2,2) -> 1.0133349e-06 | H26: 5.0666747e-06 | I26: ***
A27: Participant only | B27: Openness | C27: =COUNT('BFI Scores'!$Z$2:$Z$100) -> 99 | D27: =CORREL('BFI Scores'!$Z$2:$Z$100,'BFI Scores'!$F$2:$F$100) -> 0.31592574 | E27: =FISHERINV(FISHER(D27)-NORMSINV(0.975)/SQRT(C27-3)) -> 0.12639698 | F27: =FISHERINV(FISHER(D27)+NORMSINV(0.975)/SQRT(C27-3)) -> 0.48320151 | G27: =TDIST(ABS(D27)*SQRT((C27-2)/(1-D27^2)),C27-2,2) -> 0.0014450355 | H27: 0.0028900709 | I27: **
A28: Participant only | B28: Mean across traits | D28: =AVERAGE(D23:D27) -> 0.35957023 | I28: =COUNTIF(I23:I27,"<>ns")&" of 5 sig." -> 5 of 5 sig.
D29: =_xlfn.STDEV.S(D23:D27) -> 0.10252211
A30: Content words | B30: Extraversion | C30: =COUNT('BFI Scores'!$AA$2:$AA$100) -> 99 | D30: =CORREL('BFI Scores'!$AA$2:$AA$100,'BFI Scores'!$B$2:$B$100) -> 0.33737277 | E30: =FISHERINV(FISHER(D30)-NORMSINV(0.975)/SQRT(C30-3)) -> 0.14994766 | F30: =FISHERINV(FISHER(D30)+NORMSINV(0.975)/SQRT(C30-3)) -> 0.50139125 | G30: =TDIST(ABS(D30)*SQRT((C30-2)/(1-D30^2)),C30-2,2) -> 0.00063810219 | H30: 0.0029170031 | I30: **
A31: Content words | B31: Agreeableness | C31: =COUNT('BFI Scores'!$AB$2:$AB$100) -> 99 | D31: =CORREL('BFI Scores'!$AB$2:$AB$100,'BFI Scores'!$C$2:$C$100) -> 0.33963319 | E31: =FISHERINV(FISHER(D31)-NORMSINV(0.975)/SQRT(C31-3)) -> 0.15244226 | F31: =FISHERINV(FISHER(D31)+NORMSINV(0.975)/SQRT(C31-3)) -> 0.50329996 | G31: =TDIST(ABS(D31)*SQRT((C31-2)/(1-D31^2)),C31-2,2) -> 0.00058340063 | H31: 0.0029170031 | I31: **
A32: Content words | B32: Conscientiousness | C32: =COUNT('BFI Scores'!$AC$2:$AC$100) -> 99 | D32: =CORREL('BFI Scores'!$AC$2:$AC$100,'BFI Scores'!$D$2:$D$100) -> 0.19315599 | E32: =FISHERINV(FISHER(D32)-NORMSINV(0.975)/SQRT(C32-3)) -> -0.004424547 | F32: =FISHERINV(FISHER(D32)+NORMSINV(0.975)/SQRT(C32-3)) -> 0.37622199 | G32: =TDIST(ABS(D32)*SQRT((C32-2)/(1-D32^2)),C32-2,2) -> 0.055422371 | H32: 0.11084474 | I32: ns
A33: Content words | B33: Neuroticism | C33: =COUNT('BFI Scores'!$AD$2:$AD$100) -> 99 | D33: =CORREL('BFI Scores'!$AD$2:$AD$100,'BFI Scores'!$E$2:$E$100) -> 0.26228036 | E33: =FISHERINV(FISHER(D33)-NORMSINV(0.975)/SQRT(C33-3)) -> 0.068410644 | F33: =FISHERINV(FISHER(D33)+NORMSINV(0.975)/SQRT(C33-3)) -> 0.4370623 | G33: =TDIST(ABS(D33)*SQRT((C33-2)/(1-D33^2)),C33-2,2) -> 0.0087262878 | H33: 0.026178863 | I33: *
A34: Content words | B34: Openness | C34: =COUNT('BFI Scores'!$AE$2:$AE$100) -> 99 | D34: =CORREL('BFI Scores'!$AE$2:$AE$100,'BFI Scores'!$F$2:$F$100) -> 0.1921051 | E34: =FISHERINV(FISHER(D34)-NORMSINV(0.975)/SQRT(C34-3)) -> -0.0055159161 | F34: =FISHERINV(FISHER(D34)+NORMSINV(0.975)/SQRT(C34-3)) -> 0.37528469 | G34: =TDIST(ABS(D34)*SQRT((C34-2)/(1-D34^2)),C34-2,2) -> 0.056789278 | H34: 0.11084474 | I34: ns
A35: Content words | B35: Mean across traits | D35: =AVERAGE(D30:D34) -> 0.26490948 | I35: =COUNTIF(I30:I34,"<>ns")&" of 5 sig." -> 3 of 5 sig.
D36: =_xlfn.STDEV.S(D30:D34) -> 0.072956349

Sheet MSE by trait
A1: participant_ID | B1: 26_turn_extraversion | C1: 26_turn_agreeableness | D1: 26_turn_conscientiousness | E1: 26_turn_neuroticism | F1: 26_turn_openness | G1: 13_turn_extraversion | H1: 13_turn_agreeableness | I1: 13_turn_conscientiousness | J1: 13_turn_neuroticism | K1: 13_turn_openness | L1: 5_turn_extraversion | M1: 5_turn_agreeableness | N1: 5_turn_conscientiousness | O1: 5_turn_neuroticism | P1: 5_turn_openness | Q1: participant_only_extraversion | R1: participant_only_agreeableness | S1: participant_only_conscientiousness | T1: participant_only_neuroticism | U1: participant_only_openness | V1: content_words_pron_extraversion | W1: content_words_pron_agreeableness | X1: content_words_pron_conscientiousness | Y1: content_words_pron_neuroticism | Z1: content_words_pron_openness | AA1: mean_26_turn | AB1: mean_13_turn | AC1: mean_5_turn | AD1: mean_participant_only | AE1: mean_content_words_pron | AG1: Notes
A2: 10280 | B2: =('BFI Scores'!G2-'BFI Scores'!B2)^2 -> 0.00140625 | C2: =('BFI Scores'!H2-'BFI Scores'!C2)^2 -> 1.0313531 | D2: =('BFI Scores'!I2-'BFI Scores'!D2)^2 -> 0.0484 | E2: =('BFI Scores'!J2-'BFI Scores'!E2)^2 -> 1.4823062 | F2: =('BFI Scores'!K2-'BFI Scores'!F2)^2 -> 0.9216 | G2: =('BFI Scores'!L2-'BFI Scores'!B2)^2 -> 0.005625 | H2: =('BFI Scores'!M2-'BFI Scores'!C2)^2 -> 0.98671111 | I2: =('BFI Scores'!N2-'BFI Scores'!D2)^2 -> 0.053412346 | J2: =('BFI Scores'!O2-'BFI Scores'!E2)^2 -> 5.3708062 | K2: =('BFI Scores'!P2-'BFI Scores'!F2)^2 -> 1.2769 | L2: =('BFI Scores'!Q2-'BFI Scores'!B2)^2 -> 0.06890625 | M2: =('BFI Scores'!R2-'BFI Scores'!C2)^2 -> 0.22194568 | N2: =('BFI Scores'!S2-'BFI Scores'!D2)^2 -> 0.043634568 | O2: =('BFI Scores'!T2-'BFI Scores'!E2)^2 -> 5.9049 | P2: =('BFI Scores'!U2-'BFI Scores'!F2)^2 -> 0.9801 | Q2: =('BFI Scores'!V2-'BFI Scores'!B2)^2 -> 0.74390625 | R2: =('BFI Scores'!W2-'BFI Scores'!C2)^2 -> 1.0089086 | S2: =('BFI Scores'!X2-'BFI Scores'!D2)^2 -> 0.069930864 | T2: =('BFI Scores'!Y2-'BFI Scores'!E2)^2 -> 1.2769 | U2: =('BFI Scores'!Z2-'BFI Scores'!F2)^2 -> 0.5041 | V2: =('BFI Scores'!AA2-'BFI Scores'!B2)^2 -> 1.4101562 | W2: =('BFI Scores'!AB2-'BFI Scores'!C2)^2 -> 1.7015753 | X2: =('BFI Scores'!AC2-'BFI Scores'!D2)^2 -> 0.1764 | Y2: =('BFI Scores'!AD2-'BFI Scores'!E2)^2 -> 4.5369 | Z2: =('BFI Scores'!AE2-'BFI Scores'!F2)^2 -> 0.1225 | AA2: =AVERAGE(B2:F2) -> 0.69701312 | AB2: =AVERAGE(G2:K2) -> 1.5386909 | AC2: =AVERAGE(L2:P2) -> 1.4438973 | AD2: =AVERAGE(Q2:U2) -> 0.72074915 | AE2: =AVERAGE(V2:Z2) -> 1.5895063 | AG2: One row per participant. Each <condition>_<trait> column is the squared prediction error
A3: 10366 | B3: =('BFI Scores'!G3-'BFI Scores'!B3)^2 -> 0.009025 | C3: =('BFI Scores'!H3-'BFI Scores'!C3)^2 -> 0.2357642 | D3: =('BFI Scores'!I3-'BFI Scores'!D3)^2 -> 1.565279 | E3: =('BFI Scores'!J3-'BFI Scores'!E3)^2 -> 1.0150563 | F3: =('BFI Scores'!K3-'BFI Scores'!F3)^2 -> 0.01 | G3: =('BFI Scores'!L3-'BFI Scores'!B3)^2 -> 0.198025 | H3: =('BFI Scores'!M3-'BFI Scores'!C3)^2 -> 0.26924568 | I3: =('BFI Scores'!N3-'BFI Scores'!D3)^2 -> 1.5932049 | J3: =('BFI Scores'!O3-'BFI Scores'!E3)^2 -> 1.1718062 | K3: =('BFI Scores'!P3-'BFI Scores'!F3)^2 -> 0.0961 | L3: =('BFI Scores'!Q3-'BFI Scores'!B3)^2 -> 0.12780625 | M3: =('BFI Scores'!R3-'BFI Scores'!C3)^2 -> 0.44001111 | N3: =('BFI Scores'!S3-'BFI Scores'!D3)^2 -> 1.7956 | O3: =('BFI Scores'!T3-'BFI Scores'!E3)^2 -> 1.8769 | P3: =('BFI Scores'!U3-'BFI Scores'!F3)^2 -> 0.0625 | Q3: =('BFI Scores'!V3-'BFI Scores'!B3)^2 -> 0.28355625 | R3: =('BFI Scores'!W3-'BFI Scores'!C3)^2 -> 0.11635679 | S3: =('BFI Scores'!X3-'BFI Scores'!D3)^2 -> 1.7659457 | T3: =('BFI Scores'!Y3-'BFI Scores'!E3)^2 -> 0.1369 | U3: =('BFI Scores'!Z3-'BFI Scores'!F3)^2 -> 0.0784 | V3: =('BFI Scores'!AA3-'BFI Scores'!B3)^2 -> 0.1024 | W3: =('BFI Scores'!AB3-'BFI Scores'!C3)^2 -> 0.20450494 | X3: =('BFI Scores'!AC3-'BFI Scores'!D3)^2 -> 0.2544642 | Y3: =('BFI Scores'!AD3-'BFI Scores'!E3)^2 -> 4.2333063 | Z3: =('BFI Scores'!AE3-'BFI Scores'!F3)^2 -> 0.1369 | AA3: =AVERAGE(B3:F3) -> 0.56702489 | AB3: =AVERAGE(G3:K3) -> 0.66567637 | AC3: =AVERAGE(L3:P3) -> 0.86056347 | AD3: =AVERAGE(Q3:U3) -> 0.47623174 | AE3: =AVERAGE(V3:Z3) -> 0.98631508 | AG3: for that participant on that trait: (predicted - self-reported)^2, in BFI points squared.
A4: 10454 | B4: =('BFI Scores'!G4-'BFI Scores'!B4)^2 -> 0.25 | C4: =('BFI Scores'!H4-'BFI Scores'!C4)^2 -> 7.9012346e-05 | D4: =('BFI Scores'!I4-'BFI Scores'!D4)^2 -> 2.099279 | E4: =('BFI Scores'!J4-'BFI Scores'!E4)^2 -> 2.175625 | F4: =('BFI Scores'!K4-'BFI Scores'!F4)^2 -> 0.5184 | G4: =('BFI Scores'!L4-'BFI Scores'!B4)^2 -> 0.0625 | H4: =('BFI Scores'!M4-'BFI Scores'!C4)^2 -> 4.9382716e-06 | I4: =('BFI Scores'!N4-'BFI Scores'!D4)^2 -> 0.81801975 | J4: =('BFI Scores'!O4-'BFI Scores'!E4)^2 -> 1.7226562 | K4: =('BFI Scores'!P4-'BFI Scores'!F4)^2 -> 0.2704 | L4: =('BFI Scores'!Q4-'BFI Scores'!B4)^2 -> 0.0625 | M4: =('BFI Scores'!R4-'BFI Scores'!C4)^2 -> 4.9382716e-06 | N4: =('BFI Scores'!S4-'BFI Scores'!D4)^2 -> 0.33898272 | O4: =('BFI Scores'!T4-'BFI Scores'!E4)^2 -> 4 | P4: =('BFI Scores'!U4-'BFI Scores'!F4)^2 -> 0.7744 | Q4: =('BFI Scores'!V4-'BFI Scores'!B4)^2 -> 0.01890625 | R4: =('BFI Scores'!W4-'BFI Scores'!C4)^2 -> 0.00017777778 | S4: =('BFI Scores'!X4-'BFI Scores'!D4)^2 -> 2.099279 | T4: =('BFI Scores'!Y4-'BFI Scores'!E4)^2 -> 2.325625 | U4: =('BFI Scores'!Z4-'BFI Scores'!F4)^2 -> 0.1936 | V4: =('BFI Scores'!AA4-'BFI Scores'!B4)^2 -> 0.050625 | W4: =('BFI Scores'!AB4-'BFI Scores'!C4)^2 -> 0.030819753 | X4: =('BFI Scores'!AC4-'BFI Scores'!D4)^2 -> 1.1712049 | Y4: =('BFI Scores'!AD4-'BFI Scores'!E4)^2 -> 1.1826562 | Z4: =('BFI Scores'!AE4-'BFI Scores'!F4)^2 -> 0.4096 | AA4: =AVERAGE(B4:F4) -> 1.0086766 | AB4: =AVERAGE(G4:K4) -> 0.57471619 | AC4: =AVERAGE(L4:P4) -> 1.0351775 | AD4: =AVERAGE(Q4:U4) -> 0.92751761 | AE4: =AVERAGE(V4:Z4) -> 0.56898119 | AG4: Every cell is a live formula on the BFI Scores sheet; predictions are the 10-run averages.
A5: 11517 | B5: =('BFI Scores'!G5-'BFI Scores'!B5)^2 -> 1.0764063 | C5: =('BFI Scores'!H5-'BFI Scores'!C5)^2 -> 0.13937778 | D5: =('BFI Scores'!I5-'BFI Scores'!D5)^2 -> 0.75111111 | E5: =('BFI Scores'!J5-'BFI Scores'!E5)^2 -> 0.09 | F5: =('BFI Scores'!K5-'BFI Scores'!F5)^2 -> 0.0256 | G5: =('BFI Scores'!L5-'BFI Scores'!B5)^2 -> 0.66015625 | H5: =('BFI Scores'!M5-'BFI Scores'!C5)^2 -> 0.34157531 | I5: =('BFI Scores'!N5-'BFI Scores'!D5)^2 -> 1.9290123 | J5: =('BFI Scores'!O5-'BFI Scores'!E5)^2 -> 0.25 | K5: =('BFI Scores'!P5-'BFI Scores'!F5)^2 -> 0.0064 | L5: =('BFI Scores'!Q5-'BFI Scores'!B5)^2 -> 0.4225 | M5: =('BFI Scores'!R5-'BFI Scores'!C5)^2 -> 0.36804444 | N5: =('BFI Scores'!S5-'BFI Scores'!D5)^2 -> 2.56 | O5: =('BFI Scores'!T5-'BFI Scores'!E5)^2 -> 0.0625 | P5: =('BFI Scores'!U5-'BFI Scores'!F5)^2 -> 0.36 | Q5: =('BFI Scores'!V5-'BFI Scores'!B5)^2 -> 1.5625 | R5: =('BFI Scores'!W5-'BFI Scores'!C5)^2 -> 0.087353086 | S5: =('BFI Scores'!X5-'BFI Scores'!D5)^2 -> 1.7190123 | T5: =('BFI Scores'!Y5-'BFI Scores'!E5)^2 -> 0.02640625 | U5: =('BFI Scores'!Z5-'BFI Scores'!F5)^2 -> 0.0169 | V5: =('BFI Scores'!AA5-'BFI Scores'!B5)^2 -> 1.2376562 | W5: =('BFI Scores'!AB5-'BFI Scores'!C5)^2 -> 0.033204938 | X5: =('BFI Scores'!AC5-'BFI Scores'!D5)^2 -> 3.0430864 | Y5: =('BFI Scores'!AD5-'BFI Scores'!E5)^2 -> 1.4701562 | Z5: =('BFI Scores'!AE5-'BFI Scores'!F5)^2 -> 0.36 | AA5: =AVERAGE(B5:F5) -> 0.41649903 | AB5: =AVERAGE(G5:K5) -> 0.63742878 | AC5: =AVERAGE(L5:P5) -> 0.75460889 | AD5: =AVERAGE(Q5:U5) -> 0.68243434 | AE5: =AVERAGE(V5:Z5) -> 1.2288208 | AG5: mean_<condition> averages that participant's five traits - the per-participant MSE used in
A6: 11525 | B6: =('BFI Scores'!G6-'BFI Scores'!B6)^2 -> 0.555025 | C6: =('BFI Scores'!H6-'BFI Scores'!C6)^2 -> 0.038677778 | D6: =('BFI Scores'!I6-'BFI Scores'!D6)^2 -> 5.1377778 | E6: =('BFI Scores'!J6-'BFI Scores'!E6)^2 -> 0.005625 | F6: =('BFI Scores'!K6-'BFI Scores'!F6)^2 -> 2.1904 | G6: =('BFI Scores'!L6-'BFI Scores'!B6)^2 -> 0.5184 | H6: =('BFI Scores'!M6-'BFI Scores'!C6)^2 -> 0.013097531 | I6: =('BFI Scores'!N6-'BFI Scores'!D6)^2 -> 6.6449383 | J6: =('BFI Scores'!O6-'BFI Scores'!E6)^2 -> 0.00140625 | K6: =('BFI Scores'!P6-'BFI Scores'!F6)^2 -> 1.7161 | L6: =('BFI Scores'!Q6-'BFI Scores'!B6)^2 -> 1.0353063 | M6: =('BFI Scores'!R6-'BFI Scores'!C6)^2 -> 2.1283568 | N6: =('BFI Scores'!S6-'BFI Scores'!D6)^2 -> 7.4104938 | O6: =('BFI Scores'!T6-'BFI Scores'!E6)^2 -> 0.180625 | P6: =('BFI Scores'!U6-'BFI Scores'!F6)^2 -> 4.7089 | Q6: =('BFI Scores'!V6-'BFI Scores'!B6)^2 -> 1.3689 | R6: =('BFI Scores'!W6-'BFI Scores'!C6)^2 -> 0.0040111111 | S6: =('BFI Scores'!X6-'BFI Scores'!D6)^2 -> 4.742716 | T6: =('BFI Scores'!Y6-'BFI Scores'!E6)^2 -> 0.00140625 | U6: =('BFI Scores'!Z6-'BFI Scores'!F6)^2 -> 1.7956 | V6: =('BFI Scores'!AA6-'BFI Scores'!B6)^2 -> 2.088025 | W6: =('BFI Scores'!AB6-'BFI Scores'!C6)^2 -> 0.41961605 | X6: =('BFI Scores'!AC6-'BFI Scores'!D6)^2 -> 8.1541975 | Y6: =('BFI Scores'!AD6-'BFI Scores'!E6)^2 -> 0.140625 | Z6: =('BFI Scores'!AE6-'BFI Scores'!F6)^2 -> 1.44 | AA6: =AVERAGE(B6:F6) -> 1.5855011 | AB6: =AVERAGE(G6:K6) -> 1.7787884 | AC6: =AVERAGE(L6:P6) -> 3.0927364 | AD6: =AVERAGE(Q6:U6) -> 1.5825267 | AE6: =AVERAGE(V6:Z6) -> 2.4484927 | AG6: the ANOVAs and paired t-tests. Delete those columns if you only want the raw trait cells.
A7: 11542 | B7: =('BFI Scores'!G7-'BFI Scores'!B7)^2 -> 0.92640625 | C7: =('BFI Scores'!H7-'BFI Scores'!C7)^2 -> 0.38854444 | D7: =('BFI Scores'!I7-'BFI Scores'!D7)^2 -> 4.4427272 | E7: =('BFI Scores'!J7-'BFI Scores'!E7)^2 -> 5.9049 | F7: =('BFI Scores'!K7-'BFI Scores'!F7)^2 -> 0.0144 | G7: =('BFI Scores'!L7-'BFI Scores'!B7)^2 -> 0.9025 | H7: =('BFI Scores'!M7-'BFI Scores'!C7)^2 -> 0.77244568 | I7: =('BFI Scores'!N7-'BFI Scores'!D7)^2 -> 2.0768012 | J7: =('BFI Scores'!O7-'BFI Scores'!E7)^2 -> 5.9049 | K7: =('BFI Scores'!P7-'BFI Scores'!F7)^2 -> 0.64 | L7: =('BFI Scores'!Q7-'BFI Scores'!B7)^2 -> 2.5201562 | M7: =('BFI Scores'!R7-'BFI Scores'!C7)^2 -> 1.5792111 | N7: =('BFI Scores'!S7-'BFI Scores'!D7)^2 -> 2.0449 | O7: =('BFI Scores'!T7-'BFI Scores'!E7)^2 -> 5.085025 | P7: =('BFI Scores'!U7-'BFI Scores'!F7)^2 -> 1.7689 | Q7: =('BFI Scores'!V7-'BFI Scores'!B7)^2 -> 1.4701562 | R7: =('BFI Scores'!W7-'BFI Scores'!C7)^2 -> 0.49155679 | S7: =('BFI Scores'!X7-'BFI Scores'!D7)^2 -> 3.6821346 | T7: =('BFI Scores'!Y7-'BFI Scores'!E7)^2 -> 5.085025 | U7: =('BFI Scores'!Z7-'BFI Scores'!F7)^2 -> 0.0169 | V7: =('BFI Scores'!AA7-'BFI Scores'!B7)^2 -> 5.640625 | W7: =('BFI Scores'!AB7-'BFI Scores'!C7)^2 -> 0.44592716 | X7: =('BFI Scores'!AC7-'BFI Scores'!D7)^2 -> 1.9506778 | Y7: =('BFI Scores'!AD7-'BFI Scores'!E7)^2 -> 5.085025 | Z7: =('BFI Scores'!AE7-'BFI Scores'!F7)^2 -> 0.2809 | AA7: =AVERAGE(B7:F7) -> 2.3353956 | AB7: =AVERAGE(G7:K7) -> 2.0593294 | AC7: =AVERAGE(L7:P7) -> 2.5996385 | AD7: =AVERAGE(Q7:U7) -> 2.1491545 | AE7: =AVERAGE(V7:Z7) -> 2.680631 | AG7: RMSE for one trait across participants = SQRT of that column's AVERAGE.
A8: 11843 | B8: =('BFI Scores'!G8-'BFI Scores'!B8)^2 -> 1.1025 | C8: =('BFI Scores'!H8-'BFI Scores'!C8)^2 -> 0.97790123 | D8: =('BFI Scores'!I8-'BFI Scores'!D8)^2 -> 6.9461531 | E8: =('BFI Scores'!J8-'BFI Scores'!E8)^2 -> 0.09 | F8: =('BFI Scores'!K8-'BFI Scores'!F8)^2 -> 1.96 | G8: =('BFI Scores'!L8-'BFI Scores'!B8)^2 -> 2.480625 | H8: =('BFI Scores'!M8-'BFI Scores'!C8)^2 -> 0.4745679 | I8: =('BFI Scores'!N8-'BFI Scores'!D8)^2 -> 5.6644 | J8: =('BFI Scores'!O8-'BFI Scores'!E8)^2 -> 0.09765625 | K8: =('BFI Scores'!P8-'BFI Scores'!F8)^2 -> 3.4969 | L8: =('BFI Scores'!Q8-'BFI Scores'!B8)^2 -> 1.96 | M8: =('BFI Scores'!R8-'BFI Scores'!C8)^2 -> 1.0223457 | N8: =('BFI Scores'!S8-'BFI Scores'!D8)^2 -> 7.1824 | O8: =('BFI Scores'!T8-'BFI Scores'!E8)^2 -> 0.0025 | P8: =('BFI Scores'!U8-'BFI Scores'!F8)^2 -> 2.4336 | Q8: =('BFI Scores'!V8-'BFI Scores'!B8)^2 -> 0.015625 | R8: =('BFI Scores'!W8-'BFI Scores'!C8)^2 -> 1.0677778 | S8: =('BFI Scores'!X8-'BFI Scores'!D8)^2 -> 8.0403753 | T8: =('BFI Scores'!Y8-'BFI Scores'!E8)^2 -> 0.1225 | U8: =('BFI Scores'!Z8-'BFI Scores'!F8)^2 -> 1.1025 | V8: =('BFI Scores'!AA8-'BFI Scores'!B8)^2 -> 0.04 | W8: =('BFI Scores'!AB8-'BFI Scores'!C8)^2 -> 3.3611111 | X8: =('BFI Scores'!AC8-'BFI Scores'!D8)^2 -> 9.0133383 | Y8: =('BFI Scores'!AD8-'BFI Scores'!E8)^2 -> 0.5625 | Z8: =('BFI Scores'!AE8-'BFI Scores'!F8)^2 -> 3.2761 | AA8: =AVERAGE(B8:F8) -> 2.2153109 | AB8: =AVERAGE(G8:K8) -> 2.4428298 | AC8: =AVERAGE(L8:P8) -> 2.5201691 | AD8: =AVERAGE(Q8:U8) -> 2.0697556 | AE8: =AVERAGE(V8:Z8) -> 3.2506099
A9: 12130 | B9: =('BFI Scores'!G9-'BFI Scores'!B9)^2 -> 0.04 | C9: =('BFI Scores'!H9-'BFI Scores'!C9)^2 -> 0.30127901 | D9: =('BFI Scores'!I9-'BFI Scores'!D9)^2 -> 0.4429642 | E9: =('BFI Scores'!J9-'BFI Scores'!E9)^2 -> 1.0353063 | F9: =('BFI Scores'!K9-'BFI Scores'!F9)^2 -> 0.7225 | G9: =('BFI Scores'!L9-'BFI Scores'!B9)^2 -> 0.19140625 | H9: =('BFI Scores'!M9-'BFI Scores'!C9)^2 -> 0.24337778 | I9: =('BFI Scores'!N9-'BFI Scores'!D9)^2 -> 0.0961 | J9: =('BFI Scores'!O9-'BFI Scores'!E9)^2 -> 3.4875562 | K9: =('BFI Scores'!P9-'BFI Scores'!F9)^2 -> 0.8281 | L9: =('BFI Scores'!Q9-'BFI Scores'!B9)^2 -> 0.92640625 | M9: =('BFI Scores'!R9-'BFI Scores'!C9)^2 -> 1.147279 | N9: =('BFI Scores'!S9-'BFI Scores'!D9)^2 -> 0.41387778 | O9: =('BFI Scores'!T9-'BFI Scores'!E9)^2 -> 2.9929 | P9: =('BFI Scores'!U9-'BFI Scores'!F9)^2 -> 0.3025 | Q9: =('BFI Scores'!V9-'BFI Scores'!B9)^2 -> 0.05640625 | R9: =('BFI Scores'!W9-'BFI Scores'!C9)^2 -> 0.12172346 | S9: =('BFI Scores'!X9-'BFI Scores'!D9)^2 -> 0.88987778 | T9: =('BFI Scores'!Y9-'BFI Scores'!E9)^2 -> 1.1664 | U9: =('BFI Scores'!Z9-'BFI Scores'!F9)^2 -> 0.7396 | V9: =('BFI Scores'!AA9-'BFI Scores'!B9)^2 -> 0.950625 | W9: =('BFI Scores'!AB9-'BFI Scores'!C9)^2 -> 0.62937778 | X9: =('BFI Scores'!AC9-'BFI Scores'!D9)^2 -> 0.42829753 | Y9: =('BFI Scores'!AD9-'BFI Scores'!E9)^2 -> 3.080025 | Z9: =('BFI Scores'!AE9-'BFI Scores'!F9)^2 -> 0.3844 | AA9: =AVERAGE(B9:F9) -> 0.50840989 | AB9: =AVERAGE(G9:K9) -> 0.96930806 | AC9: =AVERAGE(L9:P9) -> 1.1565926 | AD9: =AVERAGE(Q9:U9) -> 0.5948015 | AE9: =AVERAGE(V9:Z9) -> 1.0945451
A10: 12244 | B10: =('BFI Scores'!G10-'BFI Scores'!B10)^2 -> 0.1225 | C10: =('BFI Scores'!H10-'BFI Scores'!C10)^2 -> 1.5019864 | D10: =('BFI Scores'!I10-'BFI Scores'!D10)^2 -> 0.14104198 | E10: =('BFI Scores'!J10-'BFI Scores'!E10)^2 -> 0.70140625 | F10: =('BFI Scores'!K10-'BFI Scores'!F10)^2 -> 0.09 | G10: =('BFI Scores'!L10-'BFI Scores'!B10)^2 -> 0.030625 | H10: =('BFI Scores'!M10-'BFI Scores'!C10)^2 -> 1.6129 | I10: =('BFI Scores'!N10-'BFI Scores'!D10)^2 -> 0.0004 | J10: =('BFI Scores'!O10-'BFI Scores'!E10)^2 -> 0.855625 | K10: =('BFI Scores'!P10-'BFI Scores'!F10)^2 -> 0.0784 | L10: =('BFI Scores'!Q10-'BFI Scores'!B10)^2 -> 0.2025 | M10: =('BFI Scores'!R10-'BFI Scores'!C10)^2 -> 0.27620864 | N10: =('BFI Scores'!S10-'BFI Scores'!D10)^2 -> 0.37074568 | O10: =('BFI Scores'!T10-'BFI Scores'!E10)^2 -> 0.855625 | P10: =('BFI Scores'!U10-'BFI Scores'!F10)^2 -> 0.01 | Q10: =('BFI Scores'!V10-'BFI Scores'!B10)^2 -> 0.01265625 | R10: =('BFI Scores'!W10-'BFI Scores'!C10)^2 -> 0.79606049 | S10: =('BFI Scores'!X10-'BFI Scores'!D10)^2 -> 0.31859753 | T10: =('BFI Scores'!Y10-'BFI Scores'!E10)^2 -> 0.455625 | U10: =('BFI Scores'!Z10-'BFI Scores'!F10)^2 -> 0.0841 | V10: =('BFI Scores'!AA10-'BFI Scores'!B10)^2 -> 1.5314062 | W10: =('BFI Scores'!AB10-'BFI Scores'!C10)^2 -> 0.11334444 | X10: =('BFI Scores'!AC10-'BFI Scores'!D10)^2 -> 0.19951111 | Y10: =('BFI Scores'!AD10-'BFI Scores'!E10)^2 -> 0.015625 | Z10: =('BFI Scores'!AE10-'BFI Scores'!F10)^2 -> 0.0256 | AA10: =AVERAGE(B10:F10) -> 0.51138693 | AB10: =AVERAGE(G10:K10) -> 0.51559 | AC10: =AVERAGE(L10:P10) -> 0.34301586 | AD10: =AVERAGE(Q10:U10) -> 0.33340785 | AE10: =AVERAGE(V10:Z10) -> 0.37709736
A11: 12247 | B11: =('BFI Scores'!G11-'BFI Scores'!B11)^2 -> 0.08265625 | C11: =('BFI Scores'!H11-'BFI Scores'!C11)^2 -> 1.0223457 | D11: =('BFI Scores'!I11-'BFI Scores'!D11)^2 -> 0.052390123 | E11: =('BFI Scores'!J11-'BFI Scores'!E11)^2 -> 1 | F11: =('BFI Scores'!K11-'BFI Scores'!F11)^2 -> 0.4624 | G11: =('BFI Scores'!L11-'BFI Scores'!B11)^2 -> 0.08265625 | H11: =('BFI Scores'!M11-'BFI Scores'!C11)^2 -> 1.1616049 | I11: =('BFI Scores'!N11-'BFI Scores'!D11)^2 -> 0.14779753 | J11: =('BFI Scores'!O11-'BFI Scores'!E11)^2 -> 0.97515625 | K11: =('BFI Scores'!P11-'BFI Scores'!F11)^2 -> 0.9025 | L11: =('BFI Scores'!Q11-'BFI Scores'!B11)^2 -> 0.01265625 | M11: =('BFI Scores'!R11-'BFI Scores'!C11)^2 -> 0.38716049 | N11: =('BFI Scores'!S11-'BFI Scores'!D11)^2 -> 0.16537778 | O11: =('BFI Scores'!T11-'BFI Scores'!E11)^2 -> 1 | P11: =('BFI Scores'!U11-'BFI Scores'!F11)^2 -> 1.8769 | Q11: =('BFI Scores'!V11-'BFI Scores'!B11)^2 -> 0.225625 | R11: =('BFI Scores'!W11-'BFI Scores'!C11)^2 -> 1.0223457 | S11: =('BFI Scores'!X11-'BFI Scores'!D11)^2 -> 0.13120494 | T11: =('BFI Scores'!Y11-'BFI Scores'!E11)^2 -> 1 | U11: =('BFI Scores'!Z11-'BFI Scores'!F11)^2 -> 0.2809 | V11: =('BFI Scores'!AA11-'BFI Scores'!B11)^2 -> 0.050625 | W11: =('BFI Scores'!AB11-'BFI Scores'!C11)^2 -> 1.8375309 | X11: =('BFI Scores'!AC11-'BFI Scores'!D11)^2 -> 0.013871605 | Y11: =('BFI Scores'!AD11-'BFI Scores'!E11)^2 -> 1 | Z11: =('BFI Scores'!AE11-'BFI Scores'!F11)^2 -> 2.4336 | AA11: =AVERAGE(B11:F11) -> 0.52395841 | AB11: =AVERAGE(G11:K11) -> 0.65394299 | AC11: =AVERAGE(L11:P11) -> 0.6884189 | AD11: =AVERAGE(Q11:U11) -> 0.53201512 | AE11: =AVERAGE(V11:Z11) -> 1.0671255
A12: 13267 | B12: =('BFI Scores'!G12-'BFI Scores'!B12)^2 -> 1.5625 | C12: =('BFI Scores'!H12-'BFI Scores'!C12)^2 -> 0.4356 | D12: =('BFI Scores'!I12-'BFI Scores'!D12)^2 -> 0.5476 | E12: =('BFI Scores'!J12-'BFI Scores'!E12)^2 -> 0.140625 | F12: =('BFI Scores'!K12-'BFI Scores'!F12)^2 -> 0.5625 | G12: =('BFI Scores'!L12-'BFI Scores'!B12)^2 -> 0.390625 | H12: =('BFI Scores'!M12-'BFI Scores'!C12)^2 -> 0.87942716 | I12: =('BFI Scores'!N12-'BFI Scores'!D12)^2 -> 1.3507605 | J12: =('BFI Scores'!O12-'BFI Scores'!E12)^2 -> 0.02640625 | K12: =('BFI Scores'!P12-'BFI Scores'!F12)^2 -> 0.9216 | L12: =('BFI Scores'!Q12-'BFI Scores'!B12)^2 -> 0.855625 | M12: =('BFI Scores'!R12-'BFI Scores'!C12)^2 -> 1.4240444 | N12: =('BFI Scores'!S12-'BFI Scores'!D12)^2 -> 0.39550123 | O12: =('BFI Scores'!T12-'BFI Scores'!E12)^2 -> 0.030625 | P12: =('BFI Scores'!U12-'BFI Scores'!F12)^2 -> 2.9241 | Q12: =('BFI Scores'!V12-'BFI Scores'!B12)^2 -> 1.890625 | R12: =('BFI Scores'!W12-'BFI Scores'!C12)^2 -> 0.3261679 | S12: =('BFI Scores'!X12-'BFI Scores'!D12)^2 -> 1.5376 | T12: =('BFI Scores'!Y12-'BFI Scores'!E12)^2 -> 0.00765625 | U12: =('BFI Scores'!Z12-'BFI Scores'!F12)^2 -> 0.6561 | V12: =('BFI Scores'!AA12-'BFI Scores'!B12)^2 -> 1.155625 | W12: =('BFI Scores'!AB12-'BFI Scores'!C12)^2 -> 1.3715012 | X12: =('BFI Scores'!AC12-'BFI Scores'!D12)^2 -> 1.8255012 | Y12: =('BFI Scores'!AD12-'BFI Scores'!E12)^2 -> 0.950625 | Z12: =('BFI Scores'!AE12-'BFI Scores'!F12)^2 -> 1.21 | AA12: =AVERAGE(B12:F12) -> 0.649765 | AB12: =AVERAGE(G12:K12) -> 0.71376378 | AC12: =AVERAGE(L12:P12) -> 1.1259791 | AD12: =AVERAGE(Q12:U12) -> 0.88362983 | AE12: =AVERAGE(V12:Z12) -> 1.3026505
A13: 14347 | B13: =('BFI Scores'!G13-'BFI Scores'!B13)^2 -> 2.0520563 | C13: =('BFI Scores'!H13-'BFI Scores'!C13)^2 -> 2.2167901 | D13: =('BFI Scores'!I13-'BFI Scores'!D13)^2 -> 3.5679012 | E13: =('BFI Scores'!J13-'BFI Scores'!E13)^2 -> 0.5625 | F13: =('BFI Scores'!K13-'BFI Scores'!F13)^2 -> 0.9025 | G13: =('BFI Scores'!L13-'BFI Scores'!B13)^2 -> 2.088025 | H13: =('BFI Scores'!M13-'BFI Scores'!C13)^2 -> 1.44 | I13: =('BFI Scores'!N13-'BFI Scores'!D13)^2 -> 8.8671605 | J13: =('BFI Scores'!O13-'BFI Scores'!E13)^2 -> 0.01265625 | K13: =('BFI Scores'!P13-'BFI Scores'!F13)^2 -> 1.96 | L13: =('BFI Scores'!Q13-'BFI Scores'!B13)^2 -> 1.3398062 | M13: =('BFI Scores'!R13-'BFI Scores'!C13)^2 -> 3.3611111 | N13: =('BFI Scores'!S13-'BFI Scores'!D13)^2 -> 8.345679 | O13: =('BFI Scores'!T13-'BFI Scores'!E13)^2 -> 0.50765625 | P13: =('BFI Scores'!U13-'BFI Scores'!F13)^2 -> 3.5721 | Q13: =('BFI Scores'!V13-'BFI Scores'!B13)^2 -> 2.3485562 | R13: =('BFI Scores'!W13-'BFI Scores'!C13)^2 -> 2.7408642 | S13: =('BFI Scores'!X13-'BFI Scores'!D13)^2 -> 7.0519753 | T13: =('BFI Scores'!Y13-'BFI Scores'!E13)^2 -> 0.81 | U13: =('BFI Scores'!Z13-'BFI Scores'!F13)^2 -> 2.6244 | V13: =('BFI Scores'!AA13-'BFI Scores'!B13)^2 -> 2.1609 | W13: =('BFI Scores'!AB13-'BFI Scores'!C13)^2 -> 2.1511111 | X13: =('BFI Scores'!AC13-'BFI Scores'!D13)^2 -> 6.25 | Y13: =('BFI Scores'!AD13-'BFI Scores'!E13)^2 -> 0.83265625 | Z13: =('BFI Scores'!AE13-'BFI Scores'!F13)^2 -> 1.2769 | AA13: =AVERAGE(B13:F13) -> 1.8603495 | AB13: =AVERAGE(G13:K13) -> 2.8735683 | AC13: =AVERAGE(L13:P13) -> 3.4252705 | AD13: =AVERAGE(Q13:U13) -> 3.1151592 | AE13: =AVERAGE(V13:Z13) -> 2.5343135
A14: 14820 | B14: =('BFI Scores'!G14-'BFI Scores'!B14)^2 -> 6.1504 | C14: =('BFI Scores'!H14-'BFI Scores'!C14)^2 -> 0.058671605 | D14: =('BFI Scores'!I14-'BFI Scores'!D14)^2 -> 0.7921 | E14: =('BFI Scores'!J14-'BFI Scores'!E14)^2 -> 2.56 | F14: =('BFI Scores'!K14-'BFI Scores'!F14)^2 -> 1.8496 | G14: =('BFI Scores'!L14-'BFI Scores'!B14)^2 -> 5.9658062 | H14: =('BFI Scores'!M14-'BFI Scores'!C14)^2 -> 0.11711605 | I14: =('BFI Scores'!N14-'BFI Scores'!D14)^2 -> 0.93659383 | J14: =('BFI Scores'!O14-'BFI Scores'!E14)^2 -> 1.1826562 | K14: =('BFI Scores'!P14-'BFI Scores'!F14)^2 -> 3.0276 | L14: =('BFI Scores'!Q14-'BFI Scores'!B14)^2 -> 5.4289 | M14: =('BFI Scores'!R14-'BFI Scores'!C14)^2 -> 0.001782716 | N14: =('BFI Scores'!S14-'BFI Scores'!D14)^2 -> 2.5281 | O14: =('BFI Scores'!T14-'BFI Scores'!E14)^2 -> 1 | P14: =('BFI Scores'!U14-'BFI Scores'!F14)^2 -> 2.4964 | Q14: =('BFI Scores'!V14-'BFI Scores'!B14)^2 -> 5.1984 | R14: =('BFI Scores'!W14-'BFI Scores'!C14)^2 -> 0.0041530864 | S14: =('BFI Scores'!X14-'BFI Scores'!D14)^2 -> 2.4928901 | T14: =('BFI Scores'!Y14-'BFI Scores'!E14)^2 -> 1.3225 | U14: =('BFI Scores'!Z14-'BFI Scores'!F14)^2 -> 1.8769 | V14: =('BFI Scores'!AA14-'BFI Scores'!B14)^2 -> 2.6163062 | W14: =('BFI Scores'!AB14-'BFI Scores'!C14)^2 -> 0.004745679 | X14: =('BFI Scores'!AC14-'BFI Scores'!D14)^2 -> 3.0469642 | Y14: =('BFI Scores'!AD14-'BFI Scores'!E14)^2 -> 1.265625 | Z14: =('BFI Scores'!AE14-'BFI Scores'!F14)^2 -> 1.1236 | AA14: =AVERAGE(B14:F14) -> 2.2821543 | AB14: =AVERAGE(G14:K14) -> 2.2459545 | AC14: =AVERAGE(L14:P14) -> 2.2910365 | AD14: =AVERAGE(Q14:U14) -> 2.1789686 | AE14: =AVERAGE(V14:Z14) -> 1.6114482
A15: 16267 | B15: =('BFI Scores'!G15-'BFI Scores'!B15)^2 -> 1.3225 | C15: =('BFI Scores'!H15-'BFI Scores'!C15)^2 -> 0.0029641975 | D15: =('BFI Scores'!I15-'BFI Scores'!D15)^2 -> 0.00096790123 | E15: =('BFI Scores'!J15-'BFI Scores'!E15)^2 -> 0.0169 | F15: =('BFI Scores'!K15-'BFI Scores'!F15)^2 -> 0.9216 | G15: =('BFI Scores'!L15-'BFI Scores'!B15)^2 -> 1.755625 | H15: =('BFI Scores'!M15-'BFI Scores'!C15)^2 -> 0.0010382716 | I15: =('BFI Scores'!N15-'BFI Scores'!D15)^2 -> 0.021511111 | J15: =('BFI Scores'!O15-'BFI Scores'!E15)^2 -> 0.0169 | K15: =('BFI Scores'!P15-'BFI Scores'!F15)^2 -> 1.21 | L15: =('BFI Scores'!Q15-'BFI Scores'!B15)^2 -> 0.74390625 | M15: =('BFI Scores'!R15-'BFI Scores'!C15)^2 -> 0.0011864198 | N15: =('BFI Scores'!S15-'BFI Scores'!D15)^2 -> 0.59119012 | O15: =('BFI Scores'!T15-'BFI Scores'!E15)^2 -> 0.0169 | P15: =('BFI Scores'!U15-'BFI Scores'!F15)^2 -> 1.3456 | Q15: =('BFI Scores'!V15-'BFI Scores'!B15)^2 -> 5.0625 | R15: =('BFI Scores'!W15-'BFI Scores'!C15)^2 -> 0.015211111 | S15: =('BFI Scores'!X15-'BFI Scores'!D15)^2 -> 0.0083012346 | T15: =('BFI Scores'!Y15-'BFI Scores'!E15)^2 -> 0.04730625 | U15: =('BFI Scores'!Z15-'BFI Scores'!F15)^2 -> 0.2704 | V15: =('BFI Scores'!AA15-'BFI Scores'!B15)^2 -> 5.5814062 | W15: =('BFI Scores'!AB15-'BFI Scores'!C15)^2 -> 0.0441 | X15: =('BFI Scores'!AC15-'BFI Scores'!D15)^2 -> 0.64356049 | Y15: =('BFI Scores'!AD15-'BFI Scores'!E15)^2 -> 0.0529 | Z15: =('BFI Scores'!AE15-'BFI Scores'!F15)^2 -> 0.3481 | AA15: =AVERAGE(B15:F15) -> 0.45298642 | AB15: =AVERAGE(G15:K15) -> 0.60101488 | AC15: =AVERAGE(L15:P15) -> 0.53975656 | AD15: =AVERAGE(Q15:U15) -> 1.0807437 | AE15: =AVERAGE(V15:Z15) -> 1.3340133
A16: 16483 | B16: =('BFI Scores'!G16-'BFI Scores'!B16)^2 -> 0.093025 | C16: =('BFI Scores'!H16-'BFI Scores'!C16)^2 -> 0.032801235 | D16: =('BFI Scores'!I16-'BFI Scores'!D16)^2 -> 0.0529 | E16: =('BFI Scores'!J16-'BFI Scores'!E16)^2 -> 1.1025 | F16: =('BFI Scores'!K16-'BFI Scores'!F16)^2 -> 0.0576 | G16: =('BFI Scores'!L16-'BFI Scores'!B16)^2 -> 0.24255625 | H16: =('BFI Scores'!M16-'BFI Scores'!C16)^2 -> 0.12094938 | I16: =('BFI Scores'!N16-'BFI Scores'!D16)^2 -> 0.063616049 | J16: =('BFI Scores'!O16-'BFI Scores'!E16)^2 -> 0.09765625 | K16: =('BFI Scores'!P16-'BFI Scores'!F16)^2 -> 0.0081 | L16: =('BFI Scores'!Q16-'BFI Scores'!B16)^2 -> 0.04305625 | M16: =('BFI Scores'!R16-'BFI Scores'!C16)^2 -> 0.079023457 | N16: =('BFI Scores'!S16-'BFI Scores'!D16)^2 -> 0.19457901 | O16: =('BFI Scores'!T16-'BFI Scores'!E16)^2 -> 1.5314062 | P16: =('BFI Scores'!U16-'BFI Scores'!F16)^2 -> 0.1521 | Q16: =('BFI Scores'!V16-'BFI Scores'!B16)^2 -> 0.021025 | R16: =('BFI Scores'!W16-'BFI Scores'!C16)^2 -> 0.013097531 | S16: =('BFI Scores'!X16-'BFI Scores'!D16)^2 -> 0.35601111 | T16: =('BFI Scores'!Y16-'BFI Scores'!E16)^2 -> 0.37515625 | U16: =('BFI Scores'!Z16-'BFI Scores'!F16)^2 -> 0.1024 | V16: =('BFI Scores'!AA16-'BFI Scores'!B16)^2 -> 0.53655625 | W16: =('BFI Scores'!AB16-'BFI Scores'!C16)^2 -> 0.2209 | X16: =('BFI Scores'!AC16-'BFI Scores'!D16)^2 -> 0.35601111 | Y16: =('BFI Scores'!AD16-'BFI Scores'!E16)^2 -> 0.17015625 | Z16: =('BFI Scores'!AE16-'BFI Scores'!F16)^2 -> 0.0004 | AA16: =AVERAGE(B16:F16) -> 0.26776525 | AB16: =AVERAGE(G16:K16) -> 0.10657559 | AC16: =AVERAGE(L16:P16) -> 0.40003299 | AD16: =AVERAGE(Q16:U16) -> 0.17353798 | AE16: =AVERAGE(V16:Z16) -> 0.25680472
A17: 16588 | B17: =('BFI Scores'!G17-'BFI Scores'!B17)^2 -> 0.4489 | C17: =('BFI Scores'!H17-'BFI Scores'!C17)^2 -> 0.0075111111 | D17: =('BFI Scores'!I17-'BFI Scores'!D17)^2 -> 0.2544642 | E17: =('BFI Scores'!J17-'BFI Scores'!E17)^2 -> 0.58905625 | F17: =('BFI Scores'!K17-'BFI Scores'!F17)^2 -> 0.0225 | G17: =('BFI Scores'!L17-'BFI Scores'!B17)^2 -> 0.40005625 | H17: =('BFI Scores'!M17-'BFI Scores'!C17)^2 -> 0.058671605 | I17: =('BFI Scores'!N17-'BFI Scores'!D17)^2 -> 1.8195012 | J17: =('BFI Scores'!O17-'BFI Scores'!E17)^2 -> 0.126025 | K17: =('BFI Scores'!P17-'BFI Scores'!F17)^2 -> 1.0404 | L17: =('BFI Scores'!Q17-'BFI Scores'!B17)^2 -> 0.126025 | M17: =('BFI Scores'!R17-'BFI Scores'!C17)^2 -> 0.0041530864 | N17: =('BFI Scores'!S17-'BFI Scores'!D17)^2 -> 3.9733778 | O17: =('BFI Scores'!T17-'BFI Scores'!E17)^2 -> 0.00030625 | P17: =('BFI Scores'!U17-'BFI Scores'!F17)^2 -> 2.4336 | Q17: =('BFI Scores'!V17-'BFI Scores'!B17)^2 -> 0.5184 | R17: =('BFI Scores'!W17-'BFI Scores'!C17)^2 -> 0.001782716 | S17: =('BFI Scores'!X17-'BFI Scores'!D17)^2 -> 0.52804444 | T17: =('BFI Scores'!Y17-'BFI Scores'!E17)^2 -> 0.255025 | U17: =('BFI Scores'!Z17-'BFI Scores'!F17)^2 -> 0.0361 | V17: =('BFI Scores'!AA17-'BFI Scores'!B17)^2 -> 1.2825563 | W17: =('BFI Scores'!AB17-'BFI Scores'!C17)^2 -> 0.35733827 | X17: =('BFI Scores'!AC17-'BFI Scores'!D17)^2 -> 0.5776 | Y17: =('BFI Scores'!AD17-'BFI Scores'!E17)^2 -> 0.17430625 | Z17: =('BFI Scores'!AE17-'BFI Scores'!F17)^2 -> 0.0441 | AA17: =AVERAGE(B17:F17) -> 0.26448631 | AB17: =AVERAGE(G17:K17) -> 0.68893082 | AC17: =AVERAGE(L17:P17) -> 1.3074924 | AD17: =AVERAGE(Q17:U17) -> 0.26787043 | AE17: =AVERAGE(V17:Z17) -> 0.48718015
A18: 16708 | B18: =('BFI Scores'!G18-'BFI Scores'!B18)^2 -> 0.483025 | C18: =('BFI Scores'!H18-'BFI Scores'!C18)^2 -> 0.50094938 | D18: =('BFI Scores'!I18-'BFI Scores'!D18)^2 -> 0.1103716 | E18: =('BFI Scores'!J18-'BFI Scores'!E18)^2 -> 1.1664 | F18: =('BFI Scores'!K18-'BFI Scores'!F18)^2 -> 0 | G18: =('BFI Scores'!L18-'BFI Scores'!B18)^2 -> 1.1718062 | H18: =('BFI Scores'!M18-'BFI Scores'!C18)^2 -> 0.31734444 | I18: =('BFI Scores'!N18-'BFI Scores'!D18)^2 -> 0.0029641975 | J18: =('BFI Scores'!O18-'BFI Scores'!E18)^2 -> 6.2125562 | K18: =('BFI Scores'!P18-'BFI Scores'!F18)^2 -> 0.0001 | L18: =('BFI Scores'!Q18-'BFI Scores'!B18)^2 -> 0.46580625 | M18: =('BFI Scores'!R18-'BFI Scores'!C18)^2 -> 0.1754679 | N18: =('BFI Scores'!S18-'BFI Scores'!D18)^2 -> 0.059211111 | O18: =('BFI Scores'!T18-'BFI Scores'!E18)^2 -> 6.2125562 | P18: =('BFI Scores'!U18-'BFI Scores'!F18)^2 -> 0.0121 | Q18: =('BFI Scores'!V18-'BFI Scores'!B18)^2 -> 0.96530625 | R18: =('BFI Scores'!W18-'BFI Scores'!C18)^2 -> 0.5997642 | S18: =('BFI Scores'!X18-'BFI Scores'!D18)^2 -> 0.20651975 | T18: =('BFI Scores'!Y18-'BFI Scores'!E18)^2 -> 1.113025 | U18: =('BFI Scores'!Z18-'BFI Scores'!F18)^2 -> 0.0064 | V18: =('BFI Scores'!AA18-'BFI Scores'!B18)^2 -> 2.7889 | W18: =('BFI Scores'!AB18-'BFI Scores'!C18)^2 -> 0.5329 | X18: =('BFI Scores'!AC18-'BFI Scores'!D18)^2 -> 0.0077049383 | Y18: =('BFI Scores'!AD18-'BFI Scores'!E18)^2 -> 1.7689 | Z18: =('BFI Scores'!AE18-'BFI Scores'!F18)^2 -> 0.0036 | AA18: =AVERAGE(B18:F18) -> 0.4521492 | AB18: =AVERAGE(G18:K18) -> 1.5409542 | AC18: =AVERAGE(L18:P18) -> 1.3850283 | AD18: =AVERAGE(Q18:U18) -> 0.57820304 | AE18: =AVERAGE(V18:Z18) -> 1.020401
A19: 17638 | B19: =('BFI Scores'!G19-'BFI Scores'!B19)^2 -> 1.380625 | C19: =('BFI Scores'!H19-'BFI Scores'!C19)^2 -> 0.050375309 | D19: =('BFI Scores'!I19-'BFI Scores'!D19)^2 -> 1.3663012 | E19: =('BFI Scores'!J19-'BFI Scores'!E19)^2 -> 0.255025 | F19: =('BFI Scores'!K19-'BFI Scores'!F19)^2 -> 0.7744 | G19: =('BFI Scores'!L19-'BFI Scores'!B19)^2 -> 2.7225 | H19: =('BFI Scores'!M19-'BFI Scores'!C19)^2 -> 0.0021777778 | I19: =('BFI Scores'!N19-'BFI Scores'!D19)^2 -> 0.85459753 | J19: =('BFI Scores'!O19-'BFI Scores'!E19)^2 -> 0.255025 | K19: =('BFI Scores'!P19-'BFI Scores'!F19)^2 -> 1.2544 | L19: =('BFI Scores'!Q19-'BFI Scores'!B19)^2 -> 1.6576563 | M19: =('BFI Scores'!R19-'BFI Scores'!C19)^2 -> 0.095412346 | N19: =('BFI Scores'!S19-'BFI Scores'!D19)^2 -> 1.9351901 | O19: =('BFI Scores'!T19-'BFI Scores'!E19)^2 -> 2.0093062 | P19: =('BFI Scores'!U19-'BFI Scores'!F19)^2 -> 2.2201 | Q19: =('BFI Scores'!V19-'BFI Scores'!B19)^2 -> 0.74390625 | R19: =('BFI Scores'!W19-'BFI Scores'!C19)^2 -> 0.072301235 | S19: =('BFI Scores'!X19-'BFI Scores'!D19)^2 -> 1.9662272 | T19: =('BFI Scores'!Y19-'BFI Scores'!E19)^2 -> 0.98505625 | U19: =('BFI Scores'!Z19-'BFI Scores'!F19)^2 -> 0.2601 | V19: =('BFI Scores'!AA19-'BFI Scores'!B19)^2 -> 0.1225 | W19: =('BFI Scores'!AB19-'BFI Scores'!C19)^2 -> 0.12484444 | X19: =('BFI Scores'!AC19-'BFI Scores'!D19)^2 -> 1.8135111 | Y19: =('BFI Scores'!AD19-'BFI Scores'!E19)^2 -> 1.703025 | Z19: =('BFI Scores'!AE19-'BFI Scores'!F19)^2 -> 0.6724 | AA19: =AVERAGE(B19:F19) -> 0.76534531 | AB19: =AVERAGE(G19:K19) -> 1.0177401 | AC19: =AVERAGE(L19:P19) -> 1.583533 | AD19: =AVERAGE(Q19:U19) -> 0.80551818 | AE19: =AVERAGE(V19:Z19) -> 0.88725611
... A100: 99709 | B100: =('BFI Scores'!G100-'BFI Scores'!B100)^2 -> 0.50055625 | C100: =('BFI Scores'!H100-'BFI Scores'!C100)^2 -> 0.12721111 | D100: =('BFI Scores'!I100-'BFI Scores'!D100)^2 -> 0.83012346 | E100: =('BFI Scores'!J100-'BFI Scores'!E100)^2 -> 0.37515625 | F100: =('BFI Scores'!K100-'BFI Scores'!F100)^2 -> 0.0025 | G100: =('BFI Scores'!L100-'BFI Scores'!B100)^2 -> 0.3249 | H100: =('BFI Scores'!M100-'BFI Scores'!C100)^2 -> 0.040445679 | I100: =('BFI Scores'!N100-'BFI Scores'!D100)^2 -> 0.95604938 | J100: =('BFI Scores'!O100-'BFI Scores'!E100)^2 -> 0.40640625 | K100: =('BFI Scores'!P100-'BFI Scores'!F100)^2 -> 0.0036 | L100: =('BFI Scores'!Q100-'BFI Scores'!B100)^2 -> 0.46580625 | M100: =('BFI Scores'!R100-'BFI Scores'!C100)^2 -> 0.065877778 | N100: =('BFI Scores'!S100-'BFI Scores'!D100)^2 -> 1.6612346 | O100: =('BFI Scores'!T100-'BFI Scores'!E100)^2 -> 1.21 | P100: =('BFI Scores'!U100-'BFI Scores'!F100)^2 -> 0.0196 | Q100: =('BFI Scores'!V100-'BFI Scores'!B100)^2 -> 0.91680625 | R100: =('BFI Scores'!W100-'BFI Scores'!C100)^2 -> 0.16089012 | S100: =('BFI Scores'!X100-'BFI Scores'!D100)^2 -> 0.85049383 | T100: =('BFI Scores'!Y100-'BFI Scores'!E100)^2 -> 0.26265625 | U100: =('BFI Scores'!Z100-'BFI Scores'!F100)^2 -> 0.0289 | V100: =('BFI Scores'!AA100-'BFI Scores'!B100)^2 -> 0.00180625 | W100: =('BFI Scores'!AB100-'BFI Scores'!C100)^2 -> 0.41674198 | X100: =('BFI Scores'!AC100-'BFI Scores'!D100)^2 -> 0.79012346 | Y100: =('BFI Scores'!AD100-'BFI Scores'!E100)^2 -> 0.78765625 | Z100: =('BFI Scores'!AE100-'BFI Scores'!F100)^2 -> 0.0121 | AA100: =AVERAGE(B100:F100) -> 0.36710941 | AB100: =AVERAGE(G100:K100) -> 0.34628026 | AC100: =AVERAGE(L100:P100) -> 0.68450372 | AD100: =AVERAGE(Q100:U100) -> 0.44394929 | AE100: =AVERAGE(V100:Z100) -> 0.40168559
